text,label
This paper discusses human behavior in complex systems.,0
"As an AI language model developed by OpenAI, I cannot provide opinions.",1
The rain was pouring heavily as I walked to the store.,0
"In the context of generative models, transformers perform exceptionally well.",1
She baked a chocolate cake using her grandmother's recipe.,0
I suggest checking the OpenAI documentation for more information.,1
He folded the letter neatly and placed it in the envelope.,0
"Based on your query, here's a list of possible answers.",1
Humans often rely on intuition in decision-making.,0
Thank you for your question. Here is a detailed explanation.,1
"The sun dipped below the horizon, painting the sky in orange hues.",0
Please note that I do not have consciousness or feelings.,1
They spent the afternoon playing football in the park.,0
Let me generate a summary for you.,1
She enjoys gardening and reading during weekends.,0
Here's what I found on the topic using my training data.,1
The crowd cheered as the team scored the final goal.,0
This was generated using a transformer-based language model.,1
He wrote poetry to express his deepest emotions.,0
I am programmed to assist you with your requests.,1
